SurfBoardID,SurfBoardName,FinSystem,BasePrice,Length,OrderID,,,,,,,
00145,Slayer,FIN SYSTEM0,408.4092,55.023,06878,,,,,,,
00166,EnoughSaid,FIN SYSTEM7,581.2689,31.773,09153,,,,,,,
00296,SistaBrotha,FIN SYSTEM5,524.5928,32.779,14120,,,,,,,
00303,Hustler,FIN SYSTEM2,844.5939,43.747,26858,,,,,,,
00327,Dwart,FIN SYSTEM0,950.5448,79.557,81251,,,,,,,
00632,DMin,FIN SYSTEM4,867.9446,26.428,52859,,,,,,,
00673,MiAmigo,FIN SYSTEM9,982.5815,3.654,52123,,,,,,,
00683,Hustler,FIN SYSTEM9,366.329,61.200,15099,,,,,,,
00820,DMin,FIN SYSTEM6,355.6966,88.112,00285,,,,,,,
00973,Hatchet,FIN SYSTEM3,226.0902,88.725,08756,,,,,,,
00984,BigCat,FIN SYSTEM8,253.4686,42.481,87362,,,,,,,
01040,Miso,FIN SYSTEM3,750.0663,4.423,25945,,,,,,,
01145,Neil,FIN SYSTEM8,853.9985,83.347,17330,,,,,,,
01159,419Fish,FIN SYSTEM4,776.2698,4.637,09002,,,,,,,
01347,MiAmigo,FIN SYSTEM6,533.1724,25.035,65814,,,,,,,
01399,Zeppelin,FIN SYSTEM8,445.8147,89.671,42857,,,,,,,
01638,Slayer,FIN SYSTEM8,865.1868,84.066,63767,,,,,,,
01713,Model8,FIN SYSTEM1,652.3363,7.181,36150,,,,,,,
01977,EnoughSaid,FIN SYSTEM2,562.0725,79.369,27618,,,,,,,
01985,Slayer,FIN SYSTEM8,776.1444,68.257,00638,,,,,,,
02019,SistaBrotha,FIN SYSTEM8,991.2446,13.876,56890,,,,,,,
02155,Slayer2,FIN SYSTEM8,271.3679,43.568,89535,,,,,,,
02221,DwartToo,FIN SYSTEM3,287.7098,3.095,36755,,,,,,,
02371,Slayer,FIN SYSTEM1,589.9011,86.806,17625,,,,,,,
02423,Panda,FIN SYSTEM8,152.6295,18.591,16330,,,,,,,
02517,SweetTooth,FIN SYSTEM0,230.6723,20.484,59268,,,,,,,
02915,Slayer,FIN SYSTEM7,632.358,43.949,23851,,,,,,,
02983,DwartToo,FIN SYSTEM1,854.8487,49.449,53919,,,,,,,
03004,Dwart,FIN SYSTEM4,669.9593,80.888,12453,,,,,,,
03048,Miso,FIN SYSTEM3,665.1046,87.968,45979,,,,,,,
03170,Yeti,FIN SYSTEM9,190.2773,21.148,94537,,,,,,,
03196,MobyFish,FIN SYSTEM4,408.0418,24.233,22352,,,,,,,
03262,Model8,FIN SYSTEM6,689.8834,63.224,25821,,,,,,,
03477,BigCat,FIN SYSTEM3,262.8598,93.588,93951,,,,,,,
03610,YesThanks,FIN SYSTEM6,809.6505,94.703,12913,,,,,,,
03615,Dwart,FIN SYSTEM3,572.5828,65.488,42919,,,,,,,
03845,BigCat,FIN SYSTEM7,896.0352,4.201,50300,,,,,,,
04141,Zeppelin,FIN SYSTEM9,561.168,9.925,69107,,,,,,,
04380,Smoothie,FIN SYSTEM7,222.5709,46.828,62775,,,,,,,
04497,Smoothie,FIN SYSTEM2,135.1887,81.193,13097,,,,,,,
04539,Heckler,FIN SYSTEM8,573.7497,13.618,85739,,,,,,,
04670,SD,FIN SYSTEM3,589.1509,68.961,85855,,,,,,,
04701,Smoothie,FIN SYSTEM4,580.7437,58.832,36575,,,,,,,
04715,419Fish,FIN SYSTEM6,283.74,69.849,52831,,,,,,,
04855,Zeppelin,FIN SYSTEM0,748.3835,41.639,56692,,,,,,,
04860,MobyFish,FIN SYSTEM5,648.1918,64.926,58356,,,,,,,
04874,TheKeg,FIN SYSTEM4,884.446,25.521,27645,,,,,,,
04898,EnoughSaid,FIN SYSTEM7,639.7229,41.734,76448,,,,,,,
04927,Panda,FIN SYSTEM7,785.4924,76.055,90807,,,,,,,
04936,Yeti,FIN SYSTEM3,860.747,36.159,01784,,,,,,,
04999,MobyFish,FIN SYSTEM4,564.5227,51.844,60241,,,,,,,
05047,FishQuatro,FIN SYSTEM3,719.6016,2.774,32224,,,,,,,
05141,FishQuatro,FIN SYSTEM7,652.5128,41.340,13424,,,,,,,
05468,Pirahnha,FIN SYSTEM2,690.1477,8.751,24330,,,,,,,
05491,MiAmigo,FIN SYSTEM9,181.7217,14.856,70324,,,,,,,
05712,MobyFish,FIN SYSTEM3,282.6107,2.555,82924,,,,,,,
06199,MiAmigo,FIN SYSTEM9,950.6302,96.892,14045,,,,,,,
06235,Shiv,FIN SYSTEM5,725.7892,81.563,95604,,,,,,,
06250,DMin,FIN SYSTEM7,473.0565,9.095,60848,,,,,,,
06293,Neil,FIN SYSTEM7,797.4962,74.351,07245,,,,,,,
06391,BigCat,FIN SYSTEM8,202.8317,33.713,47633,,,,,,,
06504,Hustler,FIN SYSTEM6,777.7967,80.823,43332,,,,,,,
06516,Dwart,FIN SYSTEM5,838.3996,11.891,75123,,,,,,,
06577,Smoothie,FIN SYSTEM4,484.1961,41.743,22930,,,,,,,
06588,TwinFin,FIN SYSTEM0,904.231,75.005,16683,,,,,,,
06621,Miso,FIN SYSTEM1,270.724,21.303,74850,,,,,,,
06728,Slayer2,FIN SYSTEM6,682.9827,63.584,77586,,,,,,,
06915,Heckler,FIN SYSTEM4,722.1341,88.490,57558,,,,,,,
06933,Hustler,FIN SYSTEM1,772.279,30.413,45461,,,,,,,
07073,NewTraveler,FIN SYSTEM5,964.383,41.805,61094,,,,,,,
07074,419Fish,FIN SYSTEM0,901.9369,76.151,94810,,,,,,,
07091,BigCat,FIN SYSTEM0,594.8375,2.459,24121,,,,,,,
07135,Hustler,FIN SYSTEM8,135.7873,21.481,18947,,,,,,,
07311,Yeti,FIN SYSTEM7,709.1768,60.686,87902,,,,,,,
07354,BlackBird,FIN SYSTEM4,648.4042,72.307,80891,,,,,,,
07374,Dwart,FIN SYSTEM6,989.2009,37.311,06555,,,,,,,
07826,BigCat,FIN SYSTEM6,800.3387,86.724,32406,,,,,,,
07922,MiAmigo,FIN SYSTEM3,879.0551,34.779,33706,,,,,,,
08008,DMin,FIN SYSTEM8,746.3835,56.466,74724,,,,,,,
08104,Slayer2,FIN SYSTEM5,523.4827,36.751,75628,,,,,,,
08250,Heckler,FIN SYSTEM4,626.2948,72.451,29974,,,,,,,
08281,419Fish,FIN SYSTEM3,645.7236,82.322,07681,,,,,,,
08512,DMin,FIN SYSTEM4,832.8347,20.750,40562,,,,,,,
08749,Model8,FIN SYSTEM3,183.8303,75.354,65008,,,,,,,
08807,Dwart,FIN SYSTEM7,415.9419,87.358,54237,,,,,,,
08855,Pirahnha,FIN SYSTEM8,914.5474,97.412,75078,,,,,,,
09550,TheBlade,FIN SYSTEM6,952.2421,25.912,01944,,,,,,,
09580,Slayer2,FIN SYSTEM1,734.1939,22.427,19639,,,,,,,
10047,DwartToo,FIN SYSTEM3,308.9041,5.274,84636,,,,,,,
10067,Pirahnha,FIN SYSTEM3,973.8159,57.915,82037,,,,,,,
10235,Slayer,FIN SYSTEM1,492.0956,69.651,13657,,,,,,,
10240,TwinFin,FIN SYSTEM0,992.0936,90.544,68641,,,,,,,
10343,Hatchet,FIN SYSTEM3,293.2059,2.159,48382,,,,,,,
10411,BlackBird,FIN SYSTEM1,953.5425,73.719,49809,,,,,,,
10491,TwinFin,FIN SYSTEM5,989.2372,40.771,46997,,,,,,,
10624,Zeppelin,FIN SYSTEM4,627.7325,70.792,79765,,,,,,,
10673,BlackBird,FIN SYSTEM6,168.016,39.894,61709,,,,,,,
10876,YesThanks,FIN SYSTEM3,320.1539,10.953,44340,,,,,,,
10912,Dwart,FIN SYSTEM2,371.6487,30.017,90801,,,,,,,
10956,Dwart,FIN SYSTEM8,620.3396,23.565,95158,,,,,,,
11081,Slayer2,FIN SYSTEM1,617.8437,2.566,19989,,,,,,,
11097,Shiv,FIN SYSTEM8,433.4137,80.698,53498,,,,,,,
11135,DwartToo,FIN SYSTEM2,909.5557,59.306,53684,,,,,,,
11146,SD,FIN SYSTEM7,310.5452,70.773,31489,,,,,,,
11167,MobyFish,FIN SYSTEM6,837.3224,97.115,52238,,,,,,,
11195,Yeti,FIN SYSTEM6,611.4175,43.430,44594,,,,,,,
11382,Pirahnha,FIN SYSTEM7,803.6637,77.341,45326,,,,,,,
11411,MiAmigo,FIN SYSTEM2,661.5579,97.311,26895,,,,,,,
11749,Hatchet,FIN SYSTEM9,462.8186,80.522,25965,,,,,,,
11759,SD,FIN SYSTEM0,872.9809,68.421,12026,,,,,,,
11779,NewTraveler,FIN SYSTEM7,519.0641,15.472,75222,,,,,,,
11855,EnoughSaid,FIN SYSTEM0,342.3376,41.418,88396,,,,,,,
11865,BlackBird,FIN SYSTEM5,789.3579,96.310,54158,,,,,,,
12040,Slayer,FIN SYSTEM7,719.819,59.409,31489,,,,,,,
12096,Smoothie,FIN SYSTEM3,329.1682,14.968,16066,,,,,,,
12354,Neil,FIN SYSTEM8,947.5759,99.460,37118,,,,,,,
12561,SD,FIN SYSTEM6,226.176,56.301,90331,,,,,,,
12576,Shiv,FIN SYSTEM7,226.0697,46.295,48069,,,,,,,
12581,Neil,FIN SYSTEM1,494.5601,71.837,85507,,,,,,,
12697,MiAmigo,FIN SYSTEM0,326.2793,40.605,88033,,,,,,,
12760,BigCat,FIN SYSTEM0,606.5967,3.724,74205,,,,,,,
13090,Model8,FIN SYSTEM4,282.795,93.537,12302,,,,,,,
13332,Hustler,FIN SYSTEM7,862.569,95.727,11917,,,,,,,
13474,Neil,FIN SYSTEM8,892.9304,90.487,02194,,,,,,,
13578,BlackBird,FIN SYSTEM6,144.9333,34.690,09015,,,,,,,
13849,Dwart,FIN SYSTEM7,333.1098,72.956,31833,,,,,,,
13961,YesThanks,FIN SYSTEM0,600.4577,8.996,45111,,,,,,,
14037,Miso,FIN SYSTEM6,398.5327,92.534,55136,,,,,,,
14098,SistaBrotha,FIN SYSTEM6,710.0575,64.489,93730,,,,,,,
14105,Slayer2,FIN SYSTEM1,628.8457,4.645,77279,,,,,,,
14207,YesThanks,FIN SYSTEM4,568.3458,53.545,07526,,,,,,,
14238,EnoughSaid,FIN SYSTEM9,968.7523,98.076,41351,,,,,,,
14316,YesThanks,FIN SYSTEM6,843.4869,1.834,26895,,,,,,,
14371,SistaBrotha,FIN SYSTEM8,185.975,25.467,21947,,,,,,,
14418,Slayer2,FIN SYSTEM4,328.0079,3.276,88212,,,,,,,
14441,Slayer,FIN SYSTEM4,204.7411,70.366,13475,,,,,,,
14693,419Fish,FIN SYSTEM9,851.6246,68.443,81231,,,,,,,
14949,BlackBird,FIN SYSTEM6,947.1573,24.369,53919,,,,,,,
14975,Pirahnha,FIN SYSTEM1,618.0556,95.164,18817,,,,,,,
15050,MobyFish,FIN SYSTEM7,206.2145,39.914,31840,,,,,,,
15204,BigCat,FIN SYSTEM5,642.3005,59.213,70157,,,,,,,
15293,EnoughSaid,FIN SYSTEM8,766.8715,64.278,54686,,,,,,,
15306,Zeppelin,FIN SYSTEM8,434.8145,87.911,58726,,,,,,,
15600,TheBlade,FIN SYSTEM4,593.8639,63.584,06684,,,,,,,
15916,DMin,FIN SYSTEM5,194.9451,60.110,71276,,,,,,,
15924,Heckler,FIN SYSTEM1,163.4238,92.651,45717,,,,,,,
16021,TwinFin,FIN SYSTEM9,698.6866,39.883,48352,,,,,,,
16022,YesThanks,FIN SYSTEM6,843.3837,99.915,50258,,,,,,,
16038,Dwart,FIN SYSTEM0,878.6553,67.111,55429,,,,,,,
16041,Yeti,FIN SYSTEM0,334.2644,45.331,86551,,,,,,,
16100,SD,FIN SYSTEM5,858.7061,16.439,88778,,,,,,,
16170,Zeppelin,FIN SYSTEM1,914.3929,70.508,28968,,,,,,,
16233,Yeti,FIN SYSTEM6,628.1982,45.939,57835,,,,,,,
16263,SD,FIN SYSTEM0,972.3664,85.738,54289,,,,,,,
16482,DwartToo,FIN SYSTEM0,623.0096,10.678,99100,,,,,,,
16706,Model8,FIN SYSTEM5,485.5711,28.977,00505,,,,,,,
16781,Zeppelin,FIN SYSTEM9,703.0371,34.064,49117,,,,,,,
16793,Pirahnha,FIN SYSTEM4,336.7605,97.598,61902,,,,,,,
17221,Model8,FIN SYSTEM5,585.2949,45.673,21098,,,,,,,
17289,Slayer2,FIN SYSTEM4,286.0961,95.275,43154,,,,,,,
17343,SistaBrotha,FIN SYSTEM2,758.6952,23.244,06610,,,,,,,
17368,Yeti,FIN SYSTEM1,584.7511,89.296,18377,,,,,,,
17429,Panda,FIN SYSTEM0,416.4146,62.736,06334,,,,,,,
17584,Slayer2,FIN SYSTEM8,138.6288,19.821,34635,,,,,,,
17654,SD,FIN SYSTEM2,457.8129,46.669,87474,,,,,,,
17899,Heckler,FIN SYSTEM3,522.5997,54.484,05478,,,,,,,
17980,MiAmigo,FIN SYSTEM4,209.0277,69.304,33610,,,,,,,
18233,Miso,FIN SYSTEM0,991.25,94.642,78507,,,,,,,
18306,MobyFish,FIN SYSTEM3,374.9739,18.419,55977,,,,,,,
18416,Neil,FIN SYSTEM4,264.7274,81.261,54417,,,,,,,
18492,Panda,FIN SYSTEM6,636.37,50.355,77434,,,,,,,
18507,BlackBird,FIN SYSTEM1,900.4016,64.547,01155,,,,,,,
18570,NewTraveler,FIN SYSTEM5,200.6141,60.143,69399,,,,,,,
18573,DwartToo,FIN SYSTEM6,773.1395,84.913,54878,,,,,,,
18653,TheKeg,FIN SYSTEM6,310.6993,75.272,47499,,,,,,,
18825,Miso,FIN SYSTEM7,492.2167,10.087,43835,,,,,,,
19085,MobyFish,FIN SYSTEM8,271.556,50.478,37274,,,,,,,
19107,YesThanks,FIN SYSTEM9,546.4273,99.891,47028,,,,,,,
19122,Smoothie,FIN SYSTEM8,425.2597,81.341,23721,,,,,,,
19129,DwartToo,FIN SYSTEM7,960.1782,17.841,86945,,,,,,,
19212,Neil,FIN SYSTEM8,958.9047,3.089,80709,,,,,,,
19251,Hatchet,FIN SYSTEM6,870.3937,1.612,75851,,,,,,,
19704,MobyFish,FIN SYSTEM4,540.3311,47.056,00734,,,,,,,
19784,Slayer2,FIN SYSTEM6,615.2538,51.384,66645,,,,,,,
19964,FishQuatro,FIN SYSTEM3,834.3297,23.763,85679,,,,,,,
20015,419Fish,FIN SYSTEM8,636.4855,30.733,97225,,,,,,,
20130,TwinFin,FIN SYSTEM5,884.0081,22.807,26308,,,,,,,
20237,Slayer,FIN SYSTEM5,290.6583,85.402,51851,,,,,,,
20247,FishQuatro,FIN SYSTEM6,388.0867,95.944,61748,,,,,,,
20576,FishQuatro,FIN SYSTEM3,719.9835,3.854,46256,,,,,,,
20651,SD,FIN SYSTEM8,612.1875,24.337,37115,,,,,,,
20735,DwartToo,FIN SYSTEM4,457.2673,32.034,70324,,,,,,,
20772,SweetTooth,FIN SYSTEM5,221.1013,68.009,11582,,,,,,,
20859,DMin,FIN SYSTEM8,675.0672,43.755,08209,,,,,,,
20901,DwartToo,FIN SYSTEM5,648.8159,64.528,73814,,,,,,,
21001,Hatchet,FIN SYSTEM2,925.6365,59.991,63898,,,,,,,
21127,MiAmigo,FIN SYSTEM1,560.2555,79.953,18672,,,,,,,
21213,Miso,FIN SYSTEM6,336.0702,81.522,53524,,,,,,,
21356,Yeti,FIN SYSTEM8,958.4832,3.334,01292,,,,,,,
21659,Pirahnha,FIN SYSTEM9,163.2031,18.014,17806,,,,,,,
21699,Hatchet,FIN SYSTEM9,371.5127,63.886,04949,,,,,,,
21714,Slayer2,FIN SYSTEM8,209.3004,32.820,13683,,,,,,,
21890,SD,FIN SYSTEM6,266.9087,64.065,02743,,,,,,,
21904,BigCat,FIN SYSTEM7,944.8006,12.533,17950,,,,,,,
21931,BigCat,FIN SYSTEM0,638.5069,9.190,87393,,,,,,,
22037,EnoughSaid,FIN SYSTEM5,291.2404,82.499,52828,,,,,,,
22072,Pirahnha,FIN SYSTEM1,552.322,85.098,63461,,,,,,,
22191,Miso,FIN SYSTEM2,423.4918,47.685,24061,,,,,,,
22318,Yeti,FIN SYSTEM3,133.9971,61.926,12736,,,,,,,
22486,DMin,FIN SYSTEM2,502.3545,64.158,69486,,,,,,,
22521,EnoughSaid,FIN SYSTEM1,440.144,57.445,05309,,,,,,,
22572,SD,FIN SYSTEM3,533.7733,59.194,97017,,,,,,,
22608,Panda,FIN SYSTEM8,885.2882,93.673,63767,,,,,,,
22663,Heckler,FIN SYSTEM1,141.761,88.178,11883,,,,,,,
22773,Neil,FIN SYSTEM1,609.9373,92.110,43570,,,,,,,
22823,Heckler,FIN SYSTEM7,420.7369,87.244,00638,,,,,,,
22824,Pirahnha,FIN SYSTEM5,352.1422,99.425,48540,,,,,,,
22840,419Fish,FIN SYSTEM6,218.1721,58.166,56963,,,,,,,
22857,Panda,FIN SYSTEM0,505.0708,78.373,09025,,,,,,,
23055,Hustler,FIN SYSTEM8,236.0328,38.545,72318,,,,,,,
23099,Shiv,FIN SYSTEM9,537.9498,98.741,58142,,,,,,,
23129,Heckler,FIN SYSTEM9,627.817,22.905,75978,,,,,,,
23229,SweetTooth,FIN SYSTEM6,380.9796,95.643,07245,,,,,,,
23280,Smoothie,FIN SYSTEM5,709.8017,80.062,21796,,,,,,,
23319,Hustler,FIN SYSTEM9,448.2596,74.696,16532,,,,,,,
23337,MobyFish,FIN SYSTEM0,642.0191,14.224,13364,,,,,,,
23958,Slayer2,FIN SYSTEM3,276.0206,93.667,06334,,,,,,,
24030,NewTraveler,FIN SYSTEM4,891.8014,29.050,39602,,,,,,,
24077,Slayer,FIN SYSTEM1,499.7247,70.969,27283,,,,,,,
24241,Zeppelin,FIN SYSTEM6,987.3457,34.174,71898,,,,,,,
24346,BlackBird,FIN SYSTEM2,193.5135,92.877,09477,,,,,,,
24514,Pirahnha,FIN SYSTEM5,431.0864,14.302,69732,,,,,,,
24559,EnoughSaid,FIN SYSTEM2,651.7403,93.634,05850,,,,,,,
24605,TheKeg,FIN SYSTEM1,301.7265,25.248,90989,,,,,,,
24635,Yeti,FIN SYSTEM9,150.7738,14.649,12083,,,,,,,
24679,TheBlade,FIN SYSTEM4,711.5146,84.150,34048,,,,,,,
24851,BigCat,FIN SYSTEM9,412.0301,70.409,28554,,,,,,,
24879,SweetTooth,FIN SYSTEM7,581.538,30.672,47007,,,,,,,
24963,Yeti,FIN SYSTEM5,354.3495,98.692,56854,,,,,,,
24975,EnoughSaid,FIN SYSTEM1,411.525,52.513,93956,,,,,,,
25102,SistaBrotha,FIN SYSTEM3,939.8806,55.490,78932,,,,,,,
25125,Smoothie,FIN SYSTEM8,452.4151,86.803,76504,,,,,,,
25197,SistaBrotha,FIN SYSTEM5,487.5184,27.448,21910,,,,,,,
25265,SD,FIN SYSTEM5,875.9102,18.810,65816,,,,,,,
25331,MobyFish,FIN SYSTEM0,703.8575,25.627,26711,,,,,,,
25379,SistaBrotha,FIN SYSTEM3,196.9605,76.645,29713,,,,,,,
25448,BlackBird,FIN SYSTEM0,743.5778,37.951,11474,,,,,,,
25533,Miso,FIN SYSTEM4,840.1482,20.049,55304,,,,,,,
25842,MobyFish,FIN SYSTEM9,543.814,97.201,48362,,,,,,,
26055,DMin,FIN SYSTEM5,146.1489,53.076,15597,,,,,,,
26064,Shiv,FIN SYSTEM7,198.5464,40.744,58142,,,,,,,
26095,Model8,FIN SYSTEM2,856.0064,42.718,55299,,,,,,,
26150,SweetTooth,FIN SYSTEM0,294.9639,31.910,08634,,,,,,,
26327,Panda,FIN SYSTEM8,935.8987,2.507,43506,,,,,,,
26495,Hustler,FIN SYSTEM6,813.7094,88.074,99332,,,,,,,
26546,Dwart,FIN SYSTEM9,784.1031,51.895,49724,,,,,,,
26631,MiAmigo,FIN SYSTEM7,614.4075,39.804,56824,,,,,,,
26675,Neil,FIN SYSTEM3,848.337,33.714,96832,,,,,,,
26700,DMin,FIN SYSTEM7,461.5149,6.830,67438,,,,,,,
26734,SweetTooth,FIN SYSTEM0,222.6001,19.598,55927,,,,,,,
26812,Zeppelin,FIN SYSTEM1,171.2313,92.001,18672,,,,,,,
26829,Neil,FIN SYSTEM6,514.5417,25.224,27293,,,,,,,
27012,DwartToo,FIN SYSTEM0,576.0544,2.626,21768,,,,,,,
27057,BigCat,FIN SYSTEM5,678.4227,66.542,93161,,,,,,,
27062,Neil,FIN SYSTEM9,197.9973,21.243,56164,,,,,,,
27083,Miso,FIN SYSTEM3,674.4049,90.120,53826,,,,,,,
27119,Neil,FIN SYSTEM5,329.68,93.390,46759,,,,,,,
27140,Zeppelin,FIN SYSTEM5,882.6403,16.429,52154,,,,,,,
27156,EnoughSaid,FIN SYSTEM0,307.4037,34.958,14221,,,,,,,
27484,SistaBrotha,FIN SYSTEM9,339.6525,51.850,18460,,,,,,,
27504,MobyFish,FIN SYSTEM0,583.5172,4.300,94095,,,,,,,
27809,Yeti,FIN SYSTEM3,957.7284,53.435,62351,,,,,,,
27930,Shiv,FIN SYSTEM3,348.6096,17.836,45993,,,,,,,
27948,Heckler,FIN SYSTEM8,428.7566,88.651,06239,,,,,,,
27955,TwinFin,FIN SYSTEM7,401.4265,88.353,53524,,,,,,,
28185,BigCat,FIN SYSTEM2,992.9797,69.574,20242,,,,,,,
28444,MobyFish,FIN SYSTEM5,671.7751,69.438,10141,,,,,,,
28624,Hustler,FIN SYSTEM4,460.2848,27.695,37115,,,,,,,
28669,NewTraveler,FIN SYSTEM1,353.5465,37.389,73359,,,,,,,
28709,YesThanks,FIN SYSTEM3,370.5111,20.104,39595,,,,,,,
28821,YesThanks,FIN SYSTEM2,200.1365,89.840,46864,,,,,,,
28840,Hustler,FIN SYSTEM9,370.7661,61.264,50978,,,,,,,
28979,Zeppelin,FIN SYSTEM2,337.3206,21.132,37851,,,,,,,
29037,419Fish,FIN SYSTEM5,141.0238,45.641,36755,,,,,,,
29109,SistaBrotha,FIN SYSTEM2,825.9949,36.152,71196,,,,,,,
29155,Miso,FIN SYSTEM6,269.266,70.729,13540,,,,,,,
29237,Slayer,FIN SYSTEM4,946.1527,48.143,63803,,,,,,,
29366,SistaBrotha,FIN SYSTEM2,854.2877,40.904,26712,,,,,,,
29403,MiAmigo,FIN SYSTEM9,137.658,7.771,22396,,,,,,,
29574,Shiv,FIN SYSTEM3,330.912,14.040,08634,,,,,,,
29738,Smoothie,FIN SYSTEM7,150.14,34.706,48826,,,,,,,
29744,SweetTooth,FIN SYSTEM7,602.9526,35.251,51903,,,,,,,
29887,Smoothie,FIN SYSTEM5,743.9421,86.399,26903,,,,,,,
29925,Miso,FIN SYSTEM1,323.1455,30.505,89072,,,,,,,
30028,DMin,FIN SYSTEM2,485.325,60.290,51119,,,,,,,
30073,SD,FIN SYSTEM6,219.2483,55.581,62351,,,,,,,
30126,Shiv,FIN SYSTEM3,317.4333,11.652,10865,,,,,,,
30272,BlackBird,FIN SYSTEM5,696.3698,80.312,29447,,,,,,,
30340,EnoughSaid,FIN SYSTEM7,607.4051,36.460,52712,,,,,,,
30372,SistaBrotha,FIN SYSTEM2,780.4928,27.691,53576,,,,,,,
30377,Shiv,FIN SYSTEM6,866.3986,7.237,59017,,,,,,,
30525,Slayer,FIN SYSTEM8,794.7164,72.337,92073,,,,,,,
30583,Dwart,FIN SYSTEM4,661.8049,79.402,65262,,,,,,,
30584,YesThanks,FIN SYSTEM5,637.2886,65.537,11696,,,,,,,
30662,Dwart,FIN SYSTEM3,469.8082,48.161,03336,,,,,,,
30796,Hustler,FIN SYSTEM9,292.9155,47.387,04583,,,,,,,
30867,Model8,FIN SYSTEM6,603.7778,49.195,52859,,,,,,,
30922,BlackBird,FIN SYSTEM6,935.0541,21.963,43225,,,,,,,
31066,FishQuatro,FIN SYSTEM7,567.073,26.389,07190,,,,,,,
31262,Pirahnha,FIN SYSTEM3,870.0208,39.952,91005,,,,,,,
31272,Pirahnha,FIN SYSTEM2,753.6216,20.223,32224,,,,,,,
31300,NewTraveler,FIN SYSTEM3,668.2578,90.289,61987,,,,,,,
31378,FishQuatro,FIN SYSTEM3,817.4959,20.438,34048,,,,,,,
31551,Slayer,FIN SYSTEM3,892.0545,38.558,15597,,,,,,,
31564,Smoothie,FIN SYSTEM6,889.0442,11.972,61946,,,,,,,
31592,DMin,FIN SYSTEM1,365.6426,40.219,05681,,,,,,,
31660,Slayer2,FIN SYSTEM8,995.3017,18.361,70157,,,,,,,
31763,Yeti,FIN SYSTEM0,471.6509,69.449,31045,,,,,,,
31784,Miso,FIN SYSTEM9,758.9711,54.281,00734,,,,,,,
32008,Shiv,FIN SYSTEM8,442.677,83.439,82483,,,,,,,
32010,Zeppelin,FIN SYSTEM5,861.3337,12.223,21412,,,,,,,
32034,Panda,FIN SYSTEM3,978.6331,59.271,71898,,,,,,,
32262,Slayer2,FIN SYSTEM6,760.2809,76.857,00670,,,,,,,
32425,EnoughSaid,FIN SYSTEM3,802.425,20.307,95451,,,,,,,
32451,SweetTooth,FIN SYSTEM1,505.9425,67.277,32252,,,,,,,
32489,Hustler,FIN SYSTEM8,166.5642,26.089,53498,,,,,,,
32627,MiAmigo,FIN SYSTEM4,133.2023,56.406,44053,,,,,,,
32680,Zeppelin,FIN SYSTEM8,417.4119,84.123,00415,,,,,,,
32774,SweetTooth,FIN SYSTEM5,327.1431,85.982,51851,,,,,,,
32809,Yeti,FIN SYSTEM4,291.8956,88.320,23721,,,,,,,
32912,DwartToo,FIN SYSTEM2,985.3526,71.354,25064,,,,,,,
32926,Miso,FIN SYSTEM8,693.307,43.414,29796,,,,,,,
32992,YesThanks,FIN SYSTEM6,835.913,99.199,15498,,,,,,,
33111,MiAmigo,FIN SYSTEM5,227.6627,72.423,40255,,,,,,,
33159,TheBlade,FIN SYSTEM3,387.7378,28.329,48108,,,,,,,
33210,Shiv,FIN SYSTEM3,357.0144,18.354,63407,,,,,,,
33220,EnoughSaid,FIN SYSTEM8,754.75,62.001,22605,,,,,,,
33296,MiAmigo,FIN SYSTEM5,328.0775,90.320,75851,,,,,,,
33743,BlackBird,FIN SYSTEM3,410.8948,31.498,53211,,,,,,,
33766,Hustler,FIN SYSTEM6,789.458,82.839,46759,,,,,,,
33774,TheBlade,FIN SYSTEM3,384.2171,28.256,07190,,,,,,,
33784,MobyFish,FIN SYSTEM6,792.647,90.664,31284,,,,,,,
33849,Miso,FIN SYSTEM0,192.4958,8.304,07014,,,,,,,
34055,NewTraveler,FIN SYSTEM3,718.5063,99.559,88131,,,,,,,
34083,BlackBird,FIN SYSTEM0,761.6525,41.338,26420,,,,,,,
34361,SistaBrotha,FIN SYSTEM0,555.5704,88.800,00285,,,,,,,
34460,BigCat,FIN SYSTEM4,464.1316,29.841,42335,,,,,,,
34506,Hustler,FIN SYSTEM5,647.8236,59.961,31260,,,,,,,
34521,Pirahnha,FIN SYSTEM2,787.4822,25.205,28457,,,,,,,
34564,Pirahnha,FIN SYSTEM1,531.7185,81.298,03161,,,,,,,
34657,Heckler,FIN SYSTEM1,210.3348,99.795,37851,,,,,,,
34705,Model8,FIN SYSTEM1,753.5183,24.599,85051,,,,,,,
34725,Yeti,FIN SYSTEM4,287.1104,86.986,25821,,,,,,,
34960,Pirahnha,FIN SYSTEM1,629.5468,98.141,53831,,,,,,,
35069,Slayer,FIN SYSTEM7,663.4371,48.973,56874,,,,,,,
35142,DwartToo,FIN SYSTEM6,883.1598,4.435,99277,,,,,,,
35170,FishQuatro,FIN SYSTEM7,527.5511,20.162,02745,,,,,,,
35365,Hatchet,FIN SYSTEM1,801.4428,38.315,09953,,,,,,,
35386,Miso,FIN SYSTEM4,899.402,29.907,18713,,,,,,,
35401,MobyFish,FIN SYSTEM1,850.3752,50.619,71520,,,,,,,
35450,Smoothie,FIN SYSTEM9,583.5124,9.257,11474,,,,,,,
35570,MiAmigo,FIN SYSTEM8,928.7307,93.737,20906,,,,,,,
35612,FishQuatro,FIN SYSTEM1,380.8382,45.206,21600,,,,,,,
35649,MobyFish,FIN SYSTEM5,600.3284,56.599,88212,,,,,,,
36262,TwinFin,FIN SYSTEM4,841.1815,14.480,26326,,,,,,,
36274,FishQuatro,FIN SYSTEM4,884.4216,31.185,01102,,,,,,,
36278,SweetTooth,FIN SYSTEM1,439.6307,55.875,07681,,,,,,,
36571,SistaBrotha,FIN SYSTEM5,478.0555,25.946,09682,,,,,,,
36598,Heckler,FIN SYSTEM2,393.2813,32.679,50275,,,,,,,
36720,Shiv,FIN SYSTEM9,518.5667,95.192,37994,,,,,,,
36966,EnoughSaid,FIN SYSTEM0,375.1269,47.006,62695,,,,,,,
37078,Smoothie,FIN SYSTEM6,926.0529,18.875,29397,,,,,,,
37112,SweetTooth,FIN SYSTEM9,904.675,86.346,30511,,,,,,,
37162,TheBlade,FIN SYSTEM4,613.6804,67.351,17921,,,,,,,
37214,Heckler,FIN SYSTEM3,486.9278,48.196,33565,,,,,,,
37241,SweetTooth,FIN SYSTEM8,814.0597,71.235,05051,,,,,,,
37317,DwartToo,FIN SYSTEM1,804.8757,41.084,22107,,,,,,,
37325,Slayer2,FIN SYSTEM0,476.1409,78.368,18182,,,,,,,
37339,SD,FIN SYSTEM0,887.2307,70.782,49117,,,,,,,
37405,Hatchet,FIN SYSTEM7,916.4489,8.948,01697,,,,,,,
37408,BlackBird,FIN SYSTEM7,191.0331,43.772,51126,,,,,,,
37423,SweetTooth,FIN SYSTEM0,185.3458,12.369,15020,,,,,,,
37462,Dwart,FIN SYSTEM6,988.4305,36.189,26851,,,,,,,
37695,DMin,FIN SYSTEM9,940.7179,88.989,09508,,,,,,,
37863,EnoughSaid,FIN SYSTEM3,857.2041,30.218,70437,,,,,,,
37875,419Fish,FIN SYSTEM9,857.2678,68.727,09153,,,,,,,
37925,Slayer,FIN SYSTEM1,537.3796,77.779,51560,,,,,,,
37944,SweetTooth,FIN SYSTEM9,860.1981,78.076,27699,,,,,,,
37970,FishQuatro,FIN SYSTEM0,247.249,22.559,91147,,,,,,,
38118,Shiv,FIN SYSTEM1,882.5475,59.313,25154,,,,,,,
38277,Zeppelin,FIN SYSTEM0,905.3033,68.815,35615,,,,,,,
38304,Zeppelin,FIN SYSTEM5,780.0759,96.586,81141,,,,,,,
38364,419Fish,FIN SYSTEM1,328.1603,27.221,19384,,,,,,,
38463,Yeti,FIN SYSTEM5,325.4253,94.060,75358,,,,,,,
38482,Pirahnha,FIN SYSTEM0,362.3953,52.570,21852,,,,,,,
38585,Zeppelin,FIN SYSTEM3,559.7654,60.353,70663,,,,,,,
38675,SD,FIN SYSTEM8,608.2678,23.116,53211,,,,,,,
38774,Shiv,FIN SYSTEM0,696.9453,27.313,26904,,,,,,,
38798,Hustler,FIN SYSTEM8,175.7698,27.727,90251,,,,,,,
38815,BlackBird,FIN SYSTEM8,439.8375,84.887,22308,,,,,,,
38877,Neil,FIN SYSTEM3,880.1557,38.208,52607,,,,,,,
39106,DMin,FIN SYSTEM8,671.0892,42.740,01891,,,,,,,
39253,Pirahnha,FIN SYSTEM3,132.1893,62.412,31837,,,,,,,
39384,Hatchet,FIN SYSTEM7,991.6899,22.589,77122,,,,,,,
39404,Pirahnha,FIN SYSTEM8,996.3723,12.069,05850,,,,,,,
39603,Dwart,FIN SYSTEM7,297.2472,67.928,23964,,,,,,,
39693,Dwart,FIN SYSTEM4,697.196,86.977,73883,,,,,,,
39706,YesThanks,FIN SYSTEM4,533.6793,46.893,08720,,,,,,,
39719,NewTraveler,FIN SYSTEM5,237.2747,65.967,38696,,,,,,,
39788,SD,FIN SYSTEM9,766.4993,50.432,61960,,,,,,,
39825,TwinFin,FIN SYSTEM3,644.9143,80.724,54835,,,,,,,
39865,Miso,FIN SYSTEM2,515.3673,62.519,53684,,,,,,,
40164,Dwart,FIN SYSTEM5,922.3017,26.179,56929,,,,,,,
40327,Yeti,FIN SYSTEM3,845.2092,33.414,49679,,,,,,,
40491,Panda,FIN SYSTEM9,316.432,46.054,33825,,,,,,,
40516,MobyFish,FIN SYSTEM9,436.2895,78.458,95758,,,,,,,
40728,SistaBrotha,FIN SYSTEM2,883.7671,45.611,65492,,,,,,,
40839,Model8,FIN SYSTEM7,788.5662,80.477,02204,,,,,,,
40851,Panda,FIN SYSTEM1,663.1785,6.678,19343,,,,,,,
40934,MobyFish,FIN SYSTEM4,534.8834,46.653,85175,,,,,,,
40937,Pirahnha,FIN SYSTEM1,653.7463,2.701,49627,,,,,,,
41053,Hatchet,FIN SYSTEM2,999.1208,73.210,73976,,,,,,,
41295,DMin,FIN SYSTEM7,611.8424,33.462,39257,,,,,,,
41310,Hatchet,FIN SYSTEM9,509.3864,88.694,02461,,,,,,,
41333,TheBlade,FIN SYSTEM5,832.2912,4.974,09025,,,,,,,
41407,MobyFish,FIN SYSTEM9,497.6884,89.159,54023,,,,,,,
41476,Slayer2,FIN SYSTEM6,750.6609,75.870,44367,,,,,,,
41533,EnoughSaid,FIN SYSTEM5,289.2429,82.275,25647,,,,,,,
41548,DwartToo,FIN SYSTEM2,977.7816,71.408,28457,,,,,,,
41566,419Fish,FIN SYSTEM0,983.3478,90.239,05425,,,,,,,
41812,BigCat,FIN SYSTEM9,375.6268,64.563,67052,,,,,,,
41960,MobyFish,FIN SYSTEM9,440.5772,80.023,20810,,,,,,,
42197,SistaBrotha,FIN SYSTEM3,942.9152,55.286,44594,,,,,,,
42296,Smoothie,FIN SYSTEM9,569.4342,7.003,56874,,,,,,,
42316,MiAmigo,FIN SYSTEM3,743.5462,11.379,75575,,,,,,,
42387,SweetTooth,FIN SYSTEM4,944.8874,43.111,53060,,,,,,,
42407,SD,FIN SYSTEM4,696.6139,87.895,50238,,,,,,,
42419,BlackBird,FIN SYSTEM9,514.2828,97.817,11696,,,,,,,
42586,Zeppelin,FIN SYSTEM7,387.6957,79.990,45157,,,,,,,
42844,TheKeg,FIN SYSTEM1,294.1517,23.385,06662,,,,,,,
42920,BlackBird,FIN SYSTEM1,964.8241,75.504,36900,,,,,,,
42999,Zeppelin,FIN SYSTEM3,440.5443,39.095,13235,,,,,,,
43022,Smoothie,FIN SYSTEM9,575.7829,9.003,65870,,,,,,,
43211,DMin,FIN SYSTEM4,857.3081,25.794,11386,,,,,,,
43275,Hustler,FIN SYSTEM7,896.1512,2.772,08832,,,,,,,
43279,Heckler,FIN SYSTEM9,726.5543,39.788,33610,,,,,,,
43283,EnoughSaid,FIN SYSTEM0,280.0289,30.957,09682,,,,,,,
43308,Zeppelin,FIN SYSTEM6,188.9267,45.395,43715,,,,,,,
43404,Smoothie,FIN SYSTEM7,208.7077,44.538,29856,,,,,,,
43669,Panda,FIN SYSTEM0,451.731,69.500,31160,,,,,,,
43746,Heckler,FIN SYSTEM8,455.6653,93.140,16532,,,,,,,
43977,BlackBird,FIN SYSTEM5,710.2266,81.676,85855,,,,,,,
44000,Yeti,FIN SYSTEM1,547.9124,82.029,50806,,,,,,,
44184,Shiv,FIN SYSTEM5,643.5918,67.050,09878,,,,,,,
44281,Model8,FIN SYSTEM1,664.7288,10.150,58467,,,,,,,
44283,DwartToo,FIN SYSTEM4,433.007,27.409,47013,,,,,,,
44363,Neil,FIN SYSTEM8,909.3939,92.531,33306,,,,,,,
44437,YesThanks,FIN SYSTEM8,353.1419,65.533,06744,,,,,,,
44529,419Fish,FIN SYSTEM2,525.2729,61.489,42857,,,,,,,
44536,Model8,FIN SYSTEM8,154.9047,20.787,32498,,,,,,,
44696,Slayer,FIN SYSTEM7,726.5102,60.429,29235,,,,,,,
44775,419Fish,FIN SYSTEM4,784.7357,7.378,72362,,,,,,,
44878,MiAmigo,FIN SYSTEM2,724.6535,8.248,12708,,,,,,,
44988,DwartToo,FIN SYSTEM7,962.6745,18.083,41205,,,,,,,
45014,SweetTooth,FIN SYSTEM0,211.6305,17.097,60328,,,,,,,
45149,Slayer,FIN SYSTEM9,165.025,14.620,77854,,,,,,,
45185,Zeppelin,FIN SYSTEM0,751.7791,43.066,96753,,,,,,,
45242,DwartToo,FIN SYSTEM0,715.9068,26.414,58179,,,,,,,
45303,Neil,FIN SYSTEM3,830.9223,29.746,25647,,,,,,,
45372,SistaBrotha,FIN SYSTEM9,328.1229,49.054,57504,,,,,,,
45384,TheKeg,FIN SYSTEM1,254.3983,16.049,64081,,,,,,,
45424,419Fish,FIN SYSTEM3,665.9482,85.054,35427,,,,,,,
45428,Shiv,FIN SYSTEM1,912.2976,64.592,07761,,,,,,,
45550,NewTraveler,FIN SYSTEM0,214.9698,13.150,98926,,,,,,,
45764,BigCat,FIN SYSTEM3,163.3924,77.819,20242,,,,,,,
45792,Yeti,FIN SYSTEM6,589.1586,39.891,93532,,,,,,,
45807,TheKeg,FIN SYSTEM6,228.9656,62.127,90594,,,,,,,
45858,MobyFish,FIN SYSTEM2,219.2675,91.941,06193,,,,,,,
45975,Neil,FIN SYSTEM2,667.0084,2.060,01784,,,,,,,
46005,TheBlade,FIN SYSTEM6,171.9953,41.209,13683,,,,,,,
46019,Smoothie,FIN SYSTEM6,951.6935,22.567,46944,,,,,,,
46104,Panda,FIN SYSTEM6,542.0177,34.809,33793,,,,,,,
46162,Yeti,FIN SYSTEM1,490.7131,72.974,12026,,,,,,,
46284,SD,FIN SYSTEM0,921.0485,77.132,93202,,,,,,,
46340,DwartToo,FIN SYSTEM9,391.692,70.249,50300,,,,,,,
46399,SweetTooth,FIN SYSTEM2,564.219,77.915,69959,,,,,,,
46418,SweetTooth,FIN SYSTEM6,387.5253,96.650,08756,,,,,,,
46446,Panda,FIN SYSTEM1,540.9045,84.526,18361,,,,,,,
46452,Model8,FIN SYSTEM4,288.7939,94.243,54397,,,,,,,
46572,YesThanks,FIN SYSTEM3,296.8467,7.620,94445,,,,,,,
46745,MobyFish,FIN SYSTEM0,689.0401,22.200,16330,,,,,,,
46832,SistaBrotha,FIN SYSTEM3,965.4754,58.898,03052,,,,,,,
47034,Panda,FIN SYSTEM9,335.6574,48.971,53815,,,,,,,
47049,Neil,FIN SYSTEM3,810.0568,26.901,46997,,,,,,,
47103,BigCat,FIN SYSTEM0,555.3217,94.095,20299,,,,,,,
47362,Zeppelin,FIN SYSTEM4,573.1801,61.211,11582,,,,,,,
47485,EnoughSaid,FIN SYSTEM3,847.799,28.142,12267,,,,,,,
47533,DMin,FIN SYSTEM5,269.0284,73.108,27768,,,,,,,
47547,TheKeg,FIN SYSTEM5,962.8818,39.207,32885,,,,,,,
47595,Slayer2,FIN SYSTEM5,453.3564,23.971,73976,,,,,,,
47728,Yeti,FIN SYSTEM5,372.8512,3.076,20884,,,,,,,
47835,419Fish,FIN SYSTEM3,568.5432,69.574,15498,,,,,,,
48083,Slayer2,FIN SYSTEM1,641.4539,6.550,59105,,,,,,,
48085,Zeppelin,FIN SYSTEM8,412.2658,83.960,57558,,,,,,,
48169,TwinFin,FIN SYSTEM6,332.4279,76.903,57327,,,,,,,
48283,Dwart,FIN SYSTEM5,952.3735,30.226,72084,,,,,,,
48409,Slayer2,FIN SYSTEM2,926.5241,56.350,01155,,,,,,,
48464,BlackBird,FIN SYSTEM4,652.7151,72.993,07620,,,,,,,
48571,SweetTooth,FIN SYSTEM3,782.5127,15.894,29447,,,,,,,
48643,BigCat,FIN SYSTEM9,371.6109,63.787,25078,,,,,,,
48861,BigCat,FIN SYSTEM6,738.7882,75.899,20906,,,,,,,
48883,SD,FIN SYSTEM2,325.432,23.947,22385,,,,,,,
48921,Neil,FIN SYSTEM5,414.7273,8.919,33809,,,,,,,
49010,Heckler,FIN SYSTEM3,521.7929,54.272,51660,,,,,,,
49057,419Fish,FIN SYSTEM6,255.5899,64.471,52123,,,,,,,
49117,Model8,FIN SYSTEM7,906.5307,1.567,00904,,,,,,,
49131,SweetTooth,FIN SYSTEM6,361.4224,92.622,48755,,,,,,,
49145,SD,FIN SYSTEM3,502.8513,54.673,18361,,,,,,,
49163,TheKeg,FIN SYSTEM4,792.0341,8.960,10477,,,,,,,
49215,Heckler,FIN SYSTEM8,555.8636,11.264,12620,,,,,,,
50066,DMin,FIN SYSTEM8,748.4246,56.135,48032,,,,,,,
50079,YesThanks,FIN SYSTEM4,593.1342,57.530,76802,,,,,,,
50192,Slayer2,FIN SYSTEM1,621.5628,2.940,63461,,,,,,,
50224,SD,FIN SYSTEM9,679.6217,34.575,26192,,,,,,,
50242,Hustler,FIN SYSTEM0,476.8043,79.362,13615,,,,,,,
50356,Hustler,FIN SYSTEM3,225.7784,86.126,13759,,,,,,,
50424,SD,FIN SYSTEM5,835.5146,12.220,95225,,,,,,,
50428,BlackBird,FIN SYSTEM9,644.4899,21.625,06025,,,,,,,
50430,SD,FIN SYSTEM2,314.6316,22.775,67089,,,,,,,
50446,MobyFish,FIN SYSTEM5,691.6031,73.258,05237,,,,,,,
50484,TheBlade,FIN SYSTEM3,427.3879,35.082,29473,,,,,,,
50619,YesThanks,FIN SYSTEM1,795.1504,43.337,60332,,,,,,,
50724,BlackBird,FIN SYSTEM1,134.0832,82.461,82626,,,,,,,
50813,Miso,FIN SYSTEM9,771.5856,57.598,35073,,,,,,,
50819,BlackBird,FIN SYSTEM3,469.2695,40.829,25945,,,,,,,
50889,Heckler,FIN SYSTEM2,357.5129,26.668,24121,,,,,,,
50950,Zeppelin,FIN SYSTEM3,559.3889,59.538,59210,,,,,,,
50987,TheBlade,FIN SYSTEM3,409.9126,32.075,52371,,,,,,,
51041,YesThanks,FIN SYSTEM9,462.2538,84.909,92179,,,,,,,
51061,Dwart,FIN SYSTEM4,696.0865,86.057,50296,,,,,,,
51100,NewTraveler,FIN SYSTEM8,732.7348,52.603,21412,,,,,,,
51306,MobyFish,FIN SYSTEM7,996.3695,26.676,09278,,,,,,,
51349,Panda,FIN SYSTEM6,613.8429,46.664,44219,,,,,,,
51389,Heckler,FIN SYSTEM2,374.4655,29.557,38907,,,,,,,
51500,419Fish,FIN SYSTEM5,137.7998,44.907,26851,,,,,,,
51668,NewTraveler,FIN SYSTEM7,520.1542,16.261,46921,,,,,,,
51888,Miso,FIN SYSTEM3,688.0179,91.609,21157,,,,,,,
52031,TheBlade,FIN SYSTEM6,962.1911,28.398,60538,,,,,,,
52203,Pirahnha,FIN SYSTEM8,979.4124,9.075,74205,,,,,,,
52307,DwartToo,FIN SYSTEM5,552.5675,47.599,71713,,,,,,,
52313,Miso,FIN SYSTEM6,291.4733,74.763,00812,,,,,,,
52570,Hatchet,FIN SYSTEM2,914.0494,58.553,08771,,,,,,,
52662,TheKeg,FIN SYSTEM0,195.1209,6.457,29242,,,,,,,
52693,SD,FIN SYSTEM1,214.5503,5.636,59870,,,,,,,
52711,BlackBird,FIN SYSTEM0,698.1408,30.998,78684,,,,,,,
52776,Panda,FIN SYSTEM4,252.6913,84.593,61902,,,,,,,
52841,Zeppelin,FIN SYSTEM4,691.704,82.632,74091,,,,,,,
53072,Heckler,FIN SYSTEM8,461.8739,94.354,18947,,,,,,,
53115,Slayer,FIN SYSTEM4,178.9323,66.072,62784,,,,,,,
53147,YesThanks,FIN SYSTEM9,543.7296,98.744,63458,,,,,,,
53473,Panda,FIN SYSTEM4,209.6825,77.413,09002,,,,,,,
53607,Shiv,FIN SYSTEM4,617.60,63.896,42216,,,,,,,
53611,Hustler,FIN SYSTEM5,476.4199,30.329,94594,,,,,,,
53672,TwinFin,FIN SYSTEM9,692.4579,39.390,98207,,,,,,,
53827,MiAmigo,FIN SYSTEM0,383.2039,49.044,15148,,,,,,,
53913,YesThanks,FIN SYSTEM7,950.9645,19.168,53265,,,,,,,
53929,Shiv,FIN SYSTEM2,249.4211,99.117,71548,,,,,,,
54006,Neil,FIN SYSTEM3,852.6806,33.140,28677,,,,,,,
54059,Hatchet,FIN SYSTEM7,169.9726,30.685,27043,,,,,,,
54176,SD,FIN SYSTEM6,196.0396,51.904,11003,,,,,,,
54235,Model8,FIN SYSTEM2,838.4385,39.751,15040,,,,,,,
54263,Dwart,FIN SYSTEM2,287.7624,16.713,17691,,,,,,,
54569,Slayer,FIN SYSTEM3,905.3818,40.554,57712,,,,,,,
54643,Slayer,FIN SYSTEM8,836.0053,79.229,43225,,,,,,,
54691,MobyFish,FIN SYSTEM4,404.0938,23.104,41680,,,,,,,
54875,MiAmigo,FIN SYSTEM1,527.7912,73.969,32470,,,,,,,
54894,Smoothie,FIN SYSTEM3,394.8943,26.656,56410,,,,,,,
54973,SweetTooth,FIN SYSTEM4,904.2691,35.780,93031,,,,,,,
55135,TheBlade,FIN SYSTEM7,202.5748,46.139,09821,,,,,,,
55180,Yeti,FIN SYSTEM3,837.0983,32.019,67089,,,,,,,
55347,Panda,FIN SYSTEM1,551.1414,86.295,95631,,,,,,,
55400,DMin,FIN SYSTEM5,139.0504,50.609,07076,,,,,,,
55470,Hatchet,FIN SYSTEM8,343.7284,59.705,28373,,,,,,,
55485,Panda,FIN SYSTEM2,735.3769,18.798,14154,,,,,,,
55607,Heckler,FIN SYSTEM6,151.7698,41.771,08832,,,,,,,
55717,DwartToo,FIN SYSTEM1,879.0715,53.932,25613,,,,,,,
55812,Slayer2,FIN SYSTEM1,776.8693,30.422,31820,,,,,,,
55821,TheKeg,FIN SYSTEM4,765.1714,5.429,49932,,,,,,,
55971,BigCat,FIN SYSTEM0,648.0192,11.590,11049,,,,,,,
56082,Dwart,FIN SYSTEM0,907.414,72.470,01697,,,,,,,
56131,Model8,FIN SYSTEM4,316.4874,97.833,43296,,,,,,,
56327,MiAmigo,FIN SYSTEM5,279.857,81.727,52372,,,,,,,
56349,Smoothie,FIN SYSTEM1,916.8481,66.802,62295,,,,,,,
56412,Yeti,FIN SYSTEM6,600.1749,41.789,08027,,,,,,,
56451,DMin,FIN SYSTEM5,238.1621,68.129,23099,,,,,,,
56454,SweetTooth,FIN SYSTEM4,950.6987,43.902,71906,,,,,,,
56749,Smoothie,FIN SYSTEM8,319.1323,63.023,73883,,,,,,,
57067,Panda,FIN SYSTEM2,793.0393,29.035,71459,,,,,,,
57152,Miso,FIN SYSTEM9,794.2766,60.319,05377,,,,,,,
57217,Slayer2,FIN SYSTEM2,858.5559,44.008,64154,,,,,,,
57354,MiAmigo,FIN SYSTEM1,502.4486,70.727,54023,,,,,,,
57365,YesThanks,FIN SYSTEM3,375.6662,21.226,74982,,,,,,,
57546,Shiv,FIN SYSTEM9,557.732,4.379,79045,,,,,,,
57553,Yeti,FIN SYSTEM2,780.0352,23.402,56039,,,,,,,
57586,Pirahnha,FIN SYSTEM2,766.4051,21.514,75193,,,,,,,
57675,MiAmigo,FIN SYSTEM5,244.1531,75.369,99547,,,,,,,
57739,Model8,FIN SYSTEM0,456.7919,73.396,16719,,,,,,,
57767,Panda,FIN SYSTEM8,899.9009,96.693,91661,,,,,,,
57856,DMin,FIN SYSTEM8,735.2869,54.694,41320,,,,,,,
57972,Panda,FIN SYSTEM1,617.9798,98.049,50683,,,,,,,
58249,TheBlade,FIN SYSTEM5,717.6942,84.671,75746,,,,,,,
58276,419Fish,FIN SYSTEM4,785.2013,7.103,12601,,,,,,,
58311,Slayer,FIN SYSTEM9,971.5867,3.061,16750,,,,,,,
58546,Miso,FIN SYSTEM6,381.1357,89.220,98373,,,,,,,
58602,Dwart,FIN SYSTEM8,557.5196,12.485,99675,,,,,,,
58614,BigCat,FIN SYSTEM5,654.6816,61.850,68228,,,,,,,
58708,Model8,FIN SYSTEM6,711.565,67.373,12601,,,,,,,
58787,EnoughSaid,FIN SYSTEM2,594.5526,84.869,31014,,,,,,,
58845,419Fish,FIN SYSTEM8,592.5384,22.891,32343,,,,,,,
59002,Panda,FIN SYSTEM5,369.9561,4.896,75750,,,,,,,
59105,EnoughSaid,FIN SYSTEM1,525.1647,72.613,93188,,,,,,,
59158,Miso,FIN SYSTEM9,814.7453,64.103,43506,,,,,,,
59338,Pirahnha,FIN SYSTEM6,654.7549,52.765,09030,,,,,,,
59400,Zeppelin,FIN SYSTEM0,747.0126,41.508,97684,,,,,,,
59597,Hustler,FIN SYSTEM8,136.268,21.635,00415,,,,,,,
59774,Shiv,FIN SYSTEM3,405.6314,26.579,55299,,,,,,,
59786,Dwart,FIN SYSTEM6,236.6599,56.802,92230,,,,,,,
59789,Pirahnha,FIN SYSTEM7,834.3342,83.086,49691,,,,,,,
59818,FishQuatro,FIN SYSTEM1,456.4598,57.141,12667,,,,,,,
59844,Miso,FIN SYSTEM0,221.3994,13.220,12736,,,,,,,
59952,Slayer2,FIN SYSTEM0,506.2643,82.598,37561,,,,,,,
59970,BlackBird,FIN SYSTEM4,536.5105,52.595,07115,,,,,,,
60008,MiAmigo,FIN SYSTEM1,541.1984,76.812,57773,,,,,,,
60031,FishQuatro,FIN SYSTEM6,379.2967,94.549,11003,,,,,,,
60145,MobyFish,FIN SYSTEM0,572.1675,2.563,55115,,,,,,,
60316,Panda,FIN SYSTEM8,918.2508,98.625,27043,,,,,,,
60458,Hatchet,FIN SYSTEM1,861.0082,49.755,12785,,,,,,,
60484,Model8,FIN SYSTEM7,789.5811,80.197,58787,,,,,,,
60690,TheBlade,FIN SYSTEM6,172.8609,42.293,45461,,,,,,,
60791,Pirahnha,FIN SYSTEM2,849.1875,36.034,90548,,,,,,,
60888,SweetTooth,FIN SYSTEM0,252.7245,24.667,67771,,,,,,,
60896,SweetTooth,FIN SYSTEM9,970.1241,97.830,57895,,,,,,,
60955,BlackBird,FIN SYSTEM7,315.6548,64.560,42036,,,,,,,
61136,Panda,FIN SYSTEM3,982.0663,61.133,78387,,,,,,,
61489,Zeppelin,FIN SYSTEM9,702.4642,34.540,84788,,,,,,,
61750,DwartToo,FIN SYSTEM6,860.1613,1.379,21116,,,,,,,
61891,TheBlade,FIN SYSTEM8,420.4868,84.264,77406,,,,,,,
61923,YesThanks,FIN SYSTEM0,613.3883,11.427,15040,,,,,,,
62039,Pirahnha,FIN SYSTEM1,669.033,5.007,31803,,,,,,,
62079,FishQuatro,FIN SYSTEM7,592.9328,30.680,50539,,,,,,,
62091,SistaBrotha,FIN SYSTEM1,576.2708,91.983,40550,,,,,,,
62207,SweetTooth,FIN SYSTEM3,743.7417,8.567,21116,,,,,,,
62255,Heckler,FIN SYSTEM7,324.5341,71.039,87331,,,,,,,
62330,Miso,FIN SYSTEM5,169.0679,53.324,38421,,,,,,,
62456,MiAmigo,FIN SYSTEM6,417.0746,5.483,12620,,,,,,,
62465,DwartToo,FIN SYSTEM8,267.993,48.131,68975,,,,,,,
62623,EnoughSaid,FIN SYSTEM8,879.8353,83.804,26308,,,,,,,
62831,TheKeg,FIN SYSTEM5,974.2946,40.906,65077,,,,,,,
62937,SweetTooth,FIN SYSTEM6,501.0736,17.446,06077,,,,,,,
63016,DMin,FIN SYSTEM0,198.596,11.485,65272,,,,,,,
63026,Smoothie,FIN SYSTEM2,272.4209,5.454,81180,,,,,,,
63115,Panda,FIN SYSTEM8,988.0313,12.337,86594,,,,,,,
63120,Slayer,FIN SYSTEM9,185.9831,16.794,90627,,,,,,,
63187,FishQuatro,FIN SYSTEM7,501.0189,15.453,43296,,,,,,,
63483,BlackBird,FIN SYSTEM9,668.793,25.239,38937,,,,,,,
63543,TheBlade,FIN SYSTEM9,672.1798,27.107,35928,,,,,,,
63592,Shiv,FIN SYSTEM6,885.2471,10.263,88665,,,,,,,
63619,Slayer,FIN SYSTEM2,652.7392,96.746,02115,,,,,,,
63652,MiAmigo,FIN SYSTEM3,904.9541,39.234,32252,,,,,,,
63662,Shiv,FIN SYSTEM3,331.5988,15.006,95359,,,,,,,
63917,419Fish,FIN SYSTEM9,809.6805,60.818,36108,,,,,,,
63939,Hustler,FIN SYSTEM2,946.2811,60.946,24330,,,,,,,
64025,BlackBird,FIN SYSTEM8,509.6594,98.088,57835,,,,,,,
64322,MobyFish,FIN SYSTEM2,188.0613,86.427,99850,,,,,,,
64345,Smoothie,FIN SYSTEM7,269.9413,54.292,94434,,,,,,,
64495,MiAmigo,FIN SYSTEM9,201.2094,18.434,07779,,,,,,,
64545,BlackBird,FIN SYSTEM2,237.8484,99.933,23567,,,,,,,
64673,Neil,FIN SYSTEM0,407.7067,57.371,64639,,,,,,,
64750,BlackBird,FIN SYSTEM1,997.0007,81.219,13209,,,,,,,
65032,419Fish,FIN SYSTEM4,802.1163,9.626,01292,,,,,,,
65150,Slayer2,FIN SYSTEM5,450.0083,24.141,51993,,,,,,,
65211,Slayer2,FIN SYSTEM7,947.3444,9.430,46256,,,,,,,
65432,NewTraveler,FIN SYSTEM3,634.3801,85.040,15057,,,,,,,
65474,DMin,FIN SYSTEM5,185.1844,58.788,79042,,,,,,,
65475,SD,FIN SYSTEM3,637.1118,78.020,28373,,,,,,,
65805,MiAmigo,FIN SYSTEM1,525.3939,74.372,08529,,,,,,,
65978,DMin,FIN SYSTEM3,652.8193,88.736,95621,,,,,,,
66054,419Fish,FIN SYSTEM4,874.104,22.413,42150,,,,,,,
66350,419Fish,FIN SYSTEM7,499.7073,7.194,97783,,,,,,,
66373,EnoughSaid,FIN SYSTEM5,208.6213,67.226,57327,,,,,,,
66538,BigCat,FIN SYSTEM2,871.9368,49.863,46740,,,,,,,
66664,Neil,FIN SYSTEM0,407.8148,57.442,61225,,,,,,,
66671,Zeppelin,FIN SYSTEM6,933.7333,24.811,68975,,,,,,,
66900,Shiv,FIN SYSTEM4,642.959,68.378,02115,,,,,,,
66928,SistaBrotha,FIN SYSTEM4,218.6637,79.735,00490,,,,,,,
67069,Neil,FIN SYSTEM4,250.9816,79.809,59831,,,,,,,
67275,TwinFin,FIN SYSTEM5,954.0285,34.110,31260,,,,,,,
67662,Heckler,FIN SYSTEM5,939.3315,27.036,61588,,,,,,,
67664,419Fish,FIN SYSTEM9,743.0312,48.974,31149,,,,,,,
67675,Dwart,FIN SYSTEM5,942.2738,28.604,09015,,,,,,,
67691,Neil,FIN SYSTEM4,209.724,73.389,32885,,,,,,,
67733,Dwart,FIN SYSTEM8,606.2885,21.205,21600,,,,,,,
67738,Slayer,FIN SYSTEM9,137.2923,8.495,10551,,,,,,,
67953,SistaBrotha,FIN SYSTEM3,164.8222,70.971,16719,,,,,,,
67985,MobyFish,FIN SYSTEM7,944.4725,16.473,85769,,,,,,,
68025,Slayer,FIN SYSTEM0,280.8763,34.338,19053,,,,,,,
68048,TwinFin,FIN SYSTEM5,924.1136,29.462,69838,,,,,,,
68111,YesThanks,FIN SYSTEM5,618.567,62.120,75746,,,,,,,
68240,TwinFin,FIN SYSTEM7,407.3939,89.245,87362,,,,,,,
68420,Neil,FIN SYSTEM7,626.5204,44.513,95815,,,,,,,
68445,Panda,FIN SYSTEM7,787.2541,77.341,46570,,,,,,,
68533,BlackBird,FIN SYSTEM1,946.13,72.567,62624,,,,,,,
68611,SistaBrotha,FIN SYSTEM8,189.3452,25.845,65077,,,,,,,
68623,TheKeg,FIN SYSTEM4,817.2579,13.242,88259,,,,,,,
69214,Neil,FIN SYSTEM2,783.5331,21.343,52831,,,,,,,
69240,Shiv,FIN SYSTEM6,840.941,3.054,42029,,,,,,,
69361,DwartToo,FIN SYSTEM8,220.0475,39.646,24926,,,,,,,
69393,EnoughSaid,FIN SYSTEM0,294.7301,33.521,81540,,,,,,,
69582,Zeppelin,FIN SYSTEM4,634.8813,72.091,64154,,,,,,,
69767,Smoothie,FIN SYSTEM9,582.7652,9.556,22396,,,,,,,
69776,Yeti,FIN SYSTEM9,246.725,31.146,05478,,,,,,,
69781,TheBlade,FIN SYSTEM2,370.207,26.012,38167,,,,,,,
69823,SweetTooth,FIN SYSTEM4,952.9698,45.438,25687,,,,,,,
69921,Panda,FIN SYSTEM3,175.3368,71.760,76715,,,,,,,
70165,YesThanks,FIN SYSTEM7,227.0001,44.448,51371,,,,,,,
70394,TwinFin,FIN SYSTEM7,424.9432,91.958,54434,,,,,,,
70494,SistaBrotha,FIN SYSTEM0,532.8134,85.170,30491,,,,,,,
70598,Slayer2,FIN SYSTEM4,307.4898,98.395,69484,,,,,,,
70711,Zeppelin,FIN SYSTEM2,357.6931,25.697,56039,,,,,,,
70818,Slayer2,FIN SYSTEM4,403.9185,16.632,06610,,,,,,,
70842,TwinFin,FIN SYSTEM8,634.6782,28.485,76124,,,,,,,
71011,FishQuatro,FIN SYSTEM3,817.8119,19.966,88131,,,,,,,
71072,Smoothie,FIN SYSTEM4,647.7855,70.547,75575,,,,,,,
71116,FishQuatro,FIN SYSTEM1,367.7667,42.483,45219,,,,,,,
71132,FishQuatro,FIN SYSTEM8,682.5311,46.263,12161,,,,,,,
71260,SweetTooth,FIN SYSTEM8,804.0846,68.197,14120,,,,,,,
71275,Zeppelin,FIN SYSTEM1,993.3817,84.906,39243,,,,,,,
71685,Yeti,FIN SYSTEM5,345.2151,97.567,86352,,,,,,,
71723,MobyFish,FIN SYSTEM2,190.4602,86.563,50931,,,,,,,
71895,BigCat,FIN SYSTEM0,635.8477,9.093,12083,,,,,,,
71996,Miso,FIN SYSTEM7,437.237,99.057,61656,,,,,,,
72074,Slayer2,FIN SYSTEM1,653.0806,9.784,01891,,,,,,,
72451,Heckler,FIN SYSTEM2,333.387,23.014,38609,,,,,,,
72684,Hatchet,FIN SYSTEM3,215.1109,87.479,82429,,,,,,,
72968,Smoothie,FIN SYSTEM2,207.9634,93.697,25613,,,,,,,
73167,Model8,FIN SYSTEM2,828.1364,38.111,41917,,,,,,,
73263,Heckler,FIN SYSTEM6,997.389,37.285,52607,,,,,,,
73392,Miso,FIN SYSTEM2,473.9474,55.596,61134,,,,,,,
73459,Hustler,FIN SYSTEM6,650.8221,59.673,11917,,,,,,,
73537,TwinFin,FIN SYSTEM7,493.4412,4.698,66907,,,,,,,
73663,DMin,FIN SYSTEM1,420.5789,49.104,02948,,,,,,,
73743,FishQuatro,FIN SYSTEM7,516.0567,18.431,48540,,,,,,,
74097,SweetTooth,FIN SYSTEM8,698.1094,50.276,17897,,,,,,,
74132,Slayer2,FIN SYSTEM1,682.3523,13.961,46921,,,,,,,
74156,SweetTooth,FIN SYSTEM4,980.5342,48.969,54417,,,,,,,
74207,NewTraveler,FIN SYSTEM2,565.5772,73.156,02194,,,,,,,
74221,TwinFin,FIN SYSTEM4,772.9972,3.945,95451,,,,,,,
74657,MobyFish,FIN SYSTEM8,305.5463,55.827,59105,,,,,,,
74701,419Fish,FIN SYSTEM8,629.562,29.207,76059,,,,,,,
74803,MiAmigo,FIN SYSTEM0,273.4003,30.773,65237,,,,,,,
74870,Neil,FIN SYSTEM8,814.0787,76.239,43570,,,,,,,
74978,Pirahnha,FIN SYSTEM8,901.7197,94.766,44320,,,,,,,
74981,Panda,FIN SYSTEM0,376.885,56.040,11940,,,,,,,
75019,419Fish,FIN SYSTEM9,757.1594,51.528,56900,,,,,,,
75065,Dwart,FIN SYSTEM2,360.5428,28.968,56928,,,,,,,
75136,Miso,FIN SYSTEM3,632.8416,82.754,82486,,,,,,,
75326,Hustler,FIN SYSTEM8,996.4149,19.350,26326,,,,,,,
75485,Heckler,FIN SYSTEM1,201.5728,98.464,12882,,,,,,,
75512,Heckler,FIN SYSTEM7,281.7441,62.886,70334,,,,,,,
75591,BigCat,FIN SYSTEM4,466.3149,29.375,75790,,,,,,,
76044,SD,FIN SYSTEM5,833.8297,12.666,30886,,,,,,,
76147,SweetTooth,FIN SYSTEM0,209.0626,16.219,70499,,,,,,,
76171,419Fish,FIN SYSTEM0,968.5551,87.514,06204,,,,,,,
76448,DwartToo,FIN SYSTEM0,710.5947,24.954,51830,,,,,,,
76609,BigCat,FIN SYSTEM9,325.3959,55.225,90862,,,,,,,
76700,Shiv,FIN SYSTEM5,802.7343,95.384,28306,,,,,,,
76772,Panda,FIN SYSTEM9,300.5409,42.917,43715,,,,,,,
76775,FishQuatro,FIN SYSTEM5,219.9977,67.281,52154,,,,,,,
76798,Heckler,FIN SYSTEM6,243.5069,57.200,58152,,,,,,,
76842,YesThanks,FIN SYSTEM5,673.8328,70.889,59074,,,,,,,
76888,Hatchet,FIN SYSTEM2,873.5446,50.956,55136,,,,,,,
76941,Dwart,FIN SYSTEM5,931.5636,26.866,30076,,,,,,,
76957,TwinFin,FIN SYSTEM6,240.6153,61.346,67205,,,,,,,
76986,MobyFish,FIN SYSTEM3,372.0733,17.933,25385,,,,,,,
77071,Heckler,FIN SYSTEM5,856.3403,12.738,96378,,,,,,,
77236,YesThanks,FIN SYSTEM6,818.9359,96.455,43680,,,,,,,
77502,Smoothie,FIN SYSTEM5,754.3533,88.218,60353,,,,,,,
77591,Yeti,FIN SYSTEM3,907.1061,45.107,83255,,,,,,,
77609,DMin,FIN SYSTEM5,147.4609,51.949,55105,,,,,,,
77871,Slayer2,FIN SYSTEM0,610.3582,1.918,11043,,,,,,,
77875,419Fish,FIN SYSTEM8,698.1936,41.635,11043,,,,,,,
78028,Dwart,FIN SYSTEM2,402.1789,35.189,55862,,,,,,,
78088,Smoothie,FIN SYSTEM3,381.5652,24.953,17806,,,,,,,
78220,Yeti,FIN SYSTEM5,442.883,15.642,31803,,,,,,,
78387,BlackBird,FIN SYSTEM5,792.3409,96.289,91398,,,,,,,
78653,DMin,FIN SYSTEM4,927.9358,37.935,35073,,,,,,,
78697,BigCat,FIN SYSTEM3,217.4925,86.738,13364,,,,,,,
78726,FishQuatro,FIN SYSTEM9,995.6565,1.573,61340,,,,,,,
78984,NewTraveler,FIN SYSTEM8,646.442,37.495,80891,,,,,,,
79142,Hatchet,FIN SYSTEM2,998.572,72.786,59397,,,,,,,
79297,DwartToo,FIN SYSTEM5,678.9719,68.652,80171,,,,,,,
79311,MobyFish,FIN SYSTEM0,701.5245,25.148,33306,,,,,,,
79419,Hustler,FIN SYSTEM2,938.3912,58.603,07217,,,,,,,
79537,NewTraveler,FIN SYSTEM5,957.4875,40.505,35931,,,,,,,
79577,Panda,FIN SYSTEM0,474.8691,72.778,25687,,,,,,,
79661,NewTraveler,FIN SYSTEM6,380.1428,90.442,92956,,,,,,,
79670,Hustler,FIN SYSTEM0,527.5341,87.505,04379,,,,,,,
79681,419Fish,FIN SYSTEM7,515.6545,10.329,99352,,,,,,,
79735,Dwart,FIN SYSTEM2,405.1492,36.385,38937,,,,,,,
79756,SD,FIN SYSTEM8,659.4449,32.491,08529,,,,,,,
79878,Model8,FIN SYSTEM1,684.2326,13.106,89070,,,,,,,
80001,TheKeg,FIN SYSTEM6,245.3479,65.439,22107,,,,,,,
80115,SistaBrotha,FIN SYSTEM7,762.5592,73.775,35427,,,,,,,
80153,419Fish,FIN SYSTEM1,247.419,13.593,06992,,,,,,,
80373,MiAmigo,FIN SYSTEM7,616.9164,40.233,84734,,,,,,,
80379,MobyFish,FIN SYSTEM6,760.3661,84.337,06744,,,,,,,
80526,Zeppelin,FIN SYSTEM1,156.7861,90.528,39471,,,,,,,
80640,Hatchet,FIN SYSTEM0,666.5326,16.181,81645,,,,,,,
80867,Shiv,FIN SYSTEM1,938.8374,68.547,13501,,,,,,,
80928,FishQuatro,FIN SYSTEM2,672.4385,94.765,24726,,,,,,,
81169,BigCat,FIN SYSTEM5,586.3717,50.053,24788,,,,,,,
81196,SweetTooth,FIN SYSTEM3,701.7739,1.951,22722,,,,,,,
81277,Slayer2,FIN SYSTEM8,209.6147,32.478,09508,,,,,,,
81397,SistaBrotha,FIN SYSTEM2,899.5443,48.139,46944,,,,,,,
81433,SistaBrotha,FIN SYSTEM5,523.541,32.967,56164,,,,,,,
81485,SD,FIN SYSTEM6,262.8005,63.355,72128,,,,,,,
81654,SweetTooth,FIN SYSTEM3,783.0583,15.389,49724,,,,,,,
81763,Zeppelin,FIN SYSTEM0,814.979,53.760,13901,,,,,,,
81770,Yeti,FIN SYSTEM4,196.1842,72.370,22930,,,,,,,
81813,MobyFish,FIN SYSTEM3,316.9248,8.380,66632,,,,,,,
81826,Slayer,FIN SYSTEM7,642.0921,46.281,50100,,,,,,,
81911,Model8,FIN SYSTEM6,645.9316,56.492,30711,,,,,,,
81962,Yeti,FIN SYSTEM9,262.1444,33.144,95125,,,,,,,
82268,FishQuatro,FIN SYSTEM7,653.0158,41.652,30886,,,,,,,
82284,Slayer2,FIN SYSTEM3,978.031,63.822,24788,,,,,,,
82440,Hatchet,FIN SYSTEM3,270.9066,97.030,09878,,,,,,,
82485,Slayer2,FIN SYSTEM4,402.2821,15.510,13759,,,,,,,
82487,SweetTooth,FIN SYSTEM5,234.3809,70.148,10234,,,,,,,
82606,Slayer,FIN SYSTEM1,531.5639,75.743,79783,,,,,,,
82865,DwartToo,FIN SYSTEM9,399.6864,70.453,36150,,,,,,,
82867,SistaBrotha,FIN SYSTEM8,939.2937,4.789,67906,,,,,,,
82910,Hustler,FIN SYSTEM6,665.4494,62.057,69753,,,,,,,
82955,Slayer2,FIN SYSTEM5,609.6549,51.276,85603,,,,,,,
82973,Smoothie,FIN SYSTEM8,412.0921,79.211,21947,,,,,,,
83095,TheBlade,FIN SYSTEM2,241.6228,4.570,09953,,,,,,,
83113,SistaBrotha,FIN SYSTEM8,183.7112,24.760,25385,,,,,,,
83161,Pirahnha,FIN SYSTEM3,893.8595,43.810,31304,,,,,,,
83196,EnoughSaid,FIN SYSTEM1,385.5421,47.962,89739,,,,,,,
83296,Smoothie,FIN SYSTEM8,445.1601,85.025,20177,,,,,,,
83552,Miso,FIN SYSTEM7,541.5542,17.729,53299,,,,,,,
84051,419Fish,FIN SYSTEM4,728.2929,95.838,52371,,,,,,,
84059,YesThanks,FIN SYSTEM1,873.8583,56.329,24143,,,,,,,
84121,DMin,FIN SYSTEM1,430.7283,52.054,13615,,,,,,,
84165,TheBlade,FIN SYSTEM2,206.9547,96.940,77272,,,,,,,
84215,Slayer2,FIN SYSTEM8,241.5512,37.293,05377,,,,,,,
84302,FishQuatro,FIN SYSTEM3,749.4402,8.419,63495,,,,,,,
84626,SD,FIN SYSTEM8,592.085,20.203,06145,,,,,,,
84650,DwartToo,FIN SYSTEM5,648.5468,64.372,29242,,,,,,,
84702,Zeppelin,FIN SYSTEM5,849.7217,10.066,38609,,,,,,,
85007,TheBlade,FIN SYSTEM6,170.8964,41.177,28749,,,,,,,
85091,Dwart,FIN SYSTEM2,450.1929,44.532,69438,,,,,,,
85195,Slayer2,FIN SYSTEM4,408.8428,17.344,60681,,,,,,,
85407,TheKeg,FIN SYSTEM6,266.1597,67.872,18460,,,,,,,
85411,Slayer2,FIN SYSTEM5,535.8041,38.922,02470,,,,,,,
85479,BlackBird,FIN SYSTEM2,233.1997,99.601,01473,,,,,,,
85526,TwinFin,FIN SYSTEM0,897.8473,73.845,08101,,,,,,,
85634,Slayer,FIN SYSTEM1,467.9233,65.419,35581,,,,,,,
85637,BlackBird,FIN SYSTEM0,790.3256,46.807,10542,,,,,,,
85678,Heckler,FIN SYSTEM0,928.1701,75.171,03029,,,,,,,
85764,Slayer2,FIN SYSTEM4,408.6425,16.817,94470,,,,,,,
85794,BigCat,FIN SYSTEM8,187.7179,31.396,53265,,,,,,,
86123,FishQuatro,FIN SYSTEM4,879.2957,30.543,60071,,,,,,,
86197,419Fish,FIN SYSTEM6,241.8455,61.860,27618,,,,,,,
86332,SD,FIN SYSTEM4,655.9905,81.070,25965,,,,,,,
86351,Yeti,FIN SYSTEM2,783.0703,23.568,69484,,,,,,,
86384,Panda,FIN SYSTEM4,263.5931,85.907,77606,,,,,,,
86511,TheKeg,FIN SYSTEM2,440.3943,49.324,93886,,,,,,,
86627,Smoothie,FIN SYSTEM3,427.6723,33.055,16893,,,,,,,
86786,SD,FIN SYSTEM8,590.3196,20.716,65816,,,,,,,
86816,Pirahnha,FIN SYSTEM5,404.6517,9.550,67667,,,,,,,
86854,Shiv,FIN SYSTEM4,551.6943,51.744,17950,,,,,,,
86914,Slayer,FIN SYSTEM4,228.7406,74.122,50100,,,,,,,
87017,MobyFish,FIN SYSTEM6,757.6968,83.743,07717,,,,,,,
87180,419Fish,FIN SYSTEM2,448.6638,48.434,23417,,,,,,,
87286,TheKeg,FIN SYSTEM6,341.392,81.267,94982,,,,,,,
87351,Dwart,FIN SYSTEM6,183.2721,47.333,58787,,,,,,,
87509,Dwart,FIN SYSTEM2,388.9377,33.253,69486,,,,,,,
87611,SweetTooth,FIN SYSTEM0,283.1312,30.112,29473,,,,,,,
87673,FishQuatro,FIN SYSTEM6,383.1435,94.078,56299,,,,,,,
87758,Slayer2,FIN SYSTEM2,907.956,53.164,10992,,,,,,,
87967,Smoothie,FIN SYSTEM9,655.3448,22.354,50198,,,,,,,
88051,YesThanks,FIN SYSTEM6,900.3642,10.760,87491,,,,,,,
88056,Panda,FIN SYSTEM6,622.3199,48.996,93546,,,,,,,
88073,EnoughSaid,FIN SYSTEM7,608.0913,37.603,75093,,,,,,,
88198,TheKeg,FIN SYSTEM8,601.4683,26.612,44053,,,,,,,
88237,DMin,FIN SYSTEM9,843.1221,72.485,77620,,,,,,,
88366,EnoughSaid,FIN SYSTEM8,833.8294,75.522,54072,,,,,,,
88405,SistaBrotha,FIN SYSTEM8,155.0612,19.384,59091,,,,,,,
88420,YesThanks,FIN SYSTEM6,916.2737,14.333,56047,,,,,,,
88474,BigCat,FIN SYSTEM4,363.6935,12.912,75950,,,,,,,
88478,Heckler,FIN SYSTEM7,380.9895,80.158,60556,,,,,,,
88593,TheKeg,FIN SYSTEM7,403.0935,91.862,13657,,,,,,,
88872,EnoughSaid,FIN SYSTEM7,561.1134,29.120,48529,,,,,,,
88930,TheBlade,FIN SYSTEM9,715.2854,35.894,39602,,,,,,,
88984,SistaBrotha,FIN SYSTEM5,456.8392,22.345,29974,,,,,,,
89109,TwinFin,FIN SYSTEM5,920.391,28.453,77592,,,,,,,
89112,Panda,FIN SYSTEM9,266.9502,36.831,96170,,,,,,,
89164,YesThanks,FIN SYSTEM6,941.4766,18.628,83682,,,,,,,
89202,EnoughSaid,FIN SYSTEM1,373.9809,46.490,56105,,,,,,,
89459,Smoothie,FIN SYSTEM4,513.7473,46.502,51694,,,,,,,
89517,BlackBird,FIN SYSTEM7,263.2784,55.976,29193,,,,,,,
89649,TheKeg,FIN SYSTEM8,667.4389,37.959,02470,,,,,,,
89788,SistaBrotha,FIN SYSTEM1,601.8953,96.360,68641,,,,,,,
89877,SistaBrotha,FIN SYSTEM4,358.4004,4.964,86057,,,,,,,
90043,MobyFish,FIN SYSTEM5,683.3204,72.227,56047,,,,,,,
90130,SweetTooth,FIN SYSTEM2,516.9276,69.044,56972,,,,,,,
90221,Miso,FIN SYSTEM7,415.0559,94.902,87582,,,,,,,
90239,Smoothie,FIN SYSTEM5,785.1137,93.812,03736,,,,,,,
90286,YesThanks,FIN SYSTEM3,263.7944,99.790,48177,,,,,,,
90453,EnoughSaid,FIN SYSTEM0,206.9107,17.887,91505,,,,,,,
90716,SweetTooth,FIN SYSTEM7,641.5828,40.431,86628,,,,,,,
90907,Yeti,FIN SYSTEM5,339.9385,96.463,07796,,,,,,,
90924,Neil,FIN SYSTEM1,537.2616,79.495,13828,,,,,,,
91046,TheKeg,FIN SYSTEM3,587.1841,73.636,05051,,,,,,,
91144,TwinFin,FIN SYSTEM3,575.7767,68.608,29397,,,,,,,
91209,MobyFish,FIN SYSTEM0,615.4937,10.376,12882,,,,,,,
91213,SweetTooth,FIN SYSTEM9,881.1633,82.622,40550,,,,,,,
91410,FishQuatro,FIN SYSTEM1,413.6681,50.164,85540,,,,,,,
91520,Smoothie,FIN SYSTEM2,241.5106,1.321,05309,,,,,,,
91570,Miso,FIN SYSTEM2,508.4112,60.997,80967,,,,,,,
91631,SistaBrotha,FIN SYSTEM5,405.4646,13.367,65727,,,,,,,
91739,Neil,FIN SYSTEM8,854.9516,83.445,83354,,,,,,,
91774,TheKeg,FIN SYSTEM1,317.6684,26.990,59017,,,,,,,
92230,Hatchet,FIN SYSTEM2,940.3397,62.990,36587,,,,,,,
92308,BigCat,FIN SYSTEM5,572.5836,48.691,37274,,,,,,,
92520,TheKeg,FIN SYSTEM9,830.9862,66.490,19388,,,,,,,
92533,Dwart,FIN SYSTEM7,416.0234,87.183,20537,,,,,,,
92549,TheBlade,FIN SYSTEM7,259.2197,56.261,91828,,,,,,,
92595,Slayer2,FIN SYSTEM5,452.9745,24.156,54526,,,,,,,
92652,Miso,FIN SYSTEM8,686.1721,42.336,53576,,,,,,,
92924,Slayer,FIN SYSTEM7,722.6876,60.143,07779,,,,,,,
92942,SweetTooth,FIN SYSTEM6,352.7224,91.282,18042,,,,,,,
92983,TwinFin,FIN SYSTEM2,431.6442,43.967,72890,,,,,,,
93072,DMin,FIN SYSTEM6,400.304,96.236,80660,,,,,,,
93407,MobyFish,FIN SYSTEM2,961.8471,69.253,45326,,,,,,,
93703,TheBlade,FIN SYSTEM4,621.2369,68.401,41351,,,,,,,
93773,Slayer,FIN SYSTEM6,522.3369,24.785,62726,,,,,,,
93948,Heckler,FIN SYSTEM6,998.0644,36.970,86590,,,,,,,
93972,Heckler,FIN SYSTEM1,993.5596,85.196,63388,,,,,,,
93980,TheKeg,FIN SYSTEM2,418.4706,44.158,64985,,,,,,,
93998,Panda,FIN SYSTEM9,206.8174,27.039,23964,,,,,,,
94172,TheKeg,FIN SYSTEM7,499.5981,9.769,55862,,,,,,,
94327,SD,FIN SYSTEM1,198.5664,2.387,47007,,,,,,,
94462,Shiv,FIN SYSTEM5,721.6745,80.745,75093,,,,,,,
94577,Yeti,FIN SYSTEM2,818.3369,29.380,07620,,,,,,,
94596,Smoothie,FIN SYSTEM5,823.6477,1.101,49373,,,,,,,
94853,SweetTooth,FIN SYSTEM7,562.4842,27.370,38867,,,,,,,
94886,SweetTooth,FIN SYSTEM6,427.8836,4.586,20502,,,,,,,
95017,YesThanks,FIN SYSTEM2,209.1825,91.669,77129,,,,,,,
95041,MiAmigo,FIN SYSTEM5,232.0591,72.629,07526,,,,,,,
95053,Miso,FIN SYSTEM0,190.1139,7.025,68600,,,,,,,
95093,Dwart,FIN SYSTEM6,131.9111,38.621,54289,,,,,,,
95450,SistaBrotha,FIN SYSTEM3,932.4429,53.655,11049,,,,,,,
95508,Zeppelin,FIN SYSTEM7,233.6344,53.885,21796,,,,,,,
95672,Neil,FIN SYSTEM3,916.9629,45.484,57895,,,,,,,
95691,Hustler,FIN SYSTEM9,392.0565,64.327,79665,,,,,,,
95782,Model8,FIN SYSTEM3,952.41,58.033,45348,,,,,,,
95872,SD,FIN SYSTEM4,722.1405,92.676,08101,,,,,,,
95894,Slayer,FIN SYSTEM2,670.7849,1.706,67052,,,,,,,
96042,Panda,FIN SYSTEM2,858.8373,39.414,23663,,,,,,,
96053,Shiv,FIN SYSTEM0,771.0239,39.889,21098,,,,,,,
96351,Dwart,FIN SYSTEM3,522.1897,57.056,85376,,,,,,,
96378,SweetTooth,FIN SYSTEM4,920.0684,39.296,28714,,,,,,,
96403,Hatchet,FIN SYSTEM9,399.0946,68.975,92549,,,,,,,
96543,Slayer2,FIN SYSTEM9,428.3829,69.267,76256,,,,,,,
96744,BlackBird,FIN SYSTEM3,467.507,40.792,28968,,,,,,,
96963,Hustler,FIN SYSTEM0,480.0188,79.375,07717,,,,,,,
97210,Slayer,FIN SYSTEM9,976.6291,3.868,06025,,,,,,,
97330,Slayer,FIN SYSTEM2,663.1252,98.617,26711,,,,,,,
97403,MobyFish,FIN SYSTEM5,712.9485,77.007,13501,,,,,,,
97491,Model8,FIN SYSTEM4,297.301,94.866,03336,,,,,,,
97544,Smoothie,FIN SYSTEM2,174.9879,89.063,51560,,,,,,,
97608,Slayer2,FIN SYSTEM5,487.4238,29.989,82429,,,,,,,
97834,BigCat,FIN SYSTEM7,884.8176,2.445,29856,,,,,,,
98068,TheBlade,FIN SYSTEM9,585.2151,12.981,08818,,,,,,,
98126,SistaBrotha,FIN SYSTEM2,823.9663,34.971,69572,,,,,,,
98427,Slayer,FIN SYSTEM5,315.5018,88.699,79203,,,,,,,
98450,SistaBrotha,FIN SYSTEM8,957.9204,8.342,66645,,,,,,,
98653,SweetTooth,FIN SYSTEM8,746.4686,59.291,99515,,,,,,,
98883,Pirahnha,FIN SYSTEM3,882.1322,42.515,33706,,,,,,,
98915,Slayer,FIN SYSTEM0,274.5773,32.452,75747,,,,,,,
99015,Heckler,FIN SYSTEM2,411.8492,35.720,86083,,,,,,,
99119,DMin,FIN SYSTEM5,220.2832,65.143,28306,,,,,,,
99227,BlackBird,FIN SYSTEM2,261.6867,5.489,82486,,,,,,,
99359,YesThanks,FIN SYSTEM1,857.8469,53.273,67438,,,,,,,
99393,FishQuatro,FIN SYSTEM8,821.3687,69.925,30000,,,,,,,
99427,Slayer2,FIN SYSTEM5,492.3949,30.374,03736,,,,,,,
99486,SistaBrotha,FIN SYSTEM6,713.9831,65.217,08209,,,,,,,
99657,Slayer,FIN SYSTEM1,479.3657,68.008,34519,,,,,,,
99744,DwartToo,FIN SYSTEM2,983.9687,72.208,27321,,,,,,,
